geo,name,1991,1992,1993,1994,1995,1996,1997,1998,1999,2000,2001,2002,2003,2004,2005,2006,2007,2008,2009,2010,2011,2012,2013,2014,2015,2016,2017,2018,2019,2020,2021,2022,2023
afg,Afghanistan,-2.5734,-37.72158,-38.92273,-42.33112,-49.93498,-51.50229,-52.61789,-51.39279,-52.9293,-65.22825,-67.67162,-67.75375,-65.50544,-69.44425,-56.66621,-51.80686,-31.2299,31.18199,108.15824,166.54233,290.41476,234.26186,184.03258,167.80166,185.62385,157.60044,176.02833,171.43933,148.06995,141.39689,171.39826,182.66032,197.97071
ago,Angola,4.89551,7.90957,8.1108,2.31241,15.33831,39.60661,46.047,51.69491,60.55455,47.02467,44.1789,41.71334,54.30561,57.51734,39.25134,45.31775,51.86765,70.24228,87.77903,102.47981,110.58349,120.07711,154.07321,175.0256,194.70558,178.57391,148.80105,133.81356,145.51631,84.41326,124.94413,143.55561,151.36367
alb,Albania,-34.0933,-64.43943,-66.55079,-64.72385,-68.84876,-69.076,-76.2152,-71.18585,-53.55004,-51.3544,-48.24229,-39.70805,-36.62603,-33.57412,-37.5696,-37.77728,-36.12641,-36.87585,-35.67193,-31.42363,-24.93303,-31.7848,-28.22724,-23.31377,-26.80963,-31.82393,-19.61625,-20.15651,-25.45523,-31.36494,-24.16403,-30.63958,-30.89842
are,UAE,13.77207,9.90515,15.86725,27.56471,36.06216,42.19408,48.18976,52.01573,56.71675,55.49417,77.9989,81.97006,91.28879,102.18765,115.26994,123.5946,141.07908,188.73058,190.63785,202.26921,211.60481,225.23942,242.64602,247.88478,263.20657,273.05089,259.0554,228.81595,247.42598,243.64413,253.8998,263.69877,262.10229
arg,Argentina,5.39508,7.30969,11.06594,14.46856,16.05069,26.3336,30.68124,37.74948,39.67667,36.50552,31.10115,23.82271,34.99106,49.45243,53.39204,62.3132,72.83187,78.97714,64.6058,77.07201,84.52832,88.51215,92.87786,89.72617,95.88472,93.80662,91.02084,89.48343,82.9437,69.80175,90.30499,93.11931,83.43428
arm,Armenia,3.93646,-47.17735,-75.38366,-86.48563,-82.9587,-87.51642,-83.93463,-83.28882,-85.06167,-82.82203,-82.51548,-85.07563,-83.29796,-81.91058,-78.52513,-78.60694,-75.19742,-72.81919,-78.336,-79.3129,-76.40194,-72.71813,-73.56894,-72.27973,-72.97126,-74.13728,-72.62477,-71.36251,-69.08533,-66.72875,-63.8635,-64.92173,-62.82453
atg,Antigua and Barbuda,0.42761,1.09957,-1.4661,7.33048,12.33965,11.42334,17.89859,20.70861,22.29688,-17.28772,-19.18143,-8.55223,-0.24435,1.34392,5.07025,19.60904,30.9102,40.92853,62.61454,70.12828,29.62737,38.11851,58.39951,70.73916,77.64203,92.24191,69.21197,80.14661,107.88027,68.54001,86.43861,87.23274,97.37324
aus,Australia,0.72784,1.94467,3.35297,5.28003,8.99492,12.58821,16.08089,23.18817,25.35012,27.42313,29.77751,32.73481,32.55265,37.53154,38.30345,40.48758,44.27352,45.57695,47.72821,49.53356,48.64649,48.83003,46.06926,42.68633,44.22926,47.09687,47.93623,47.34915,46.86436,41.34019,38.51644,34.98808,34.53362
aut,Austria,6.40212,-1.70535,-1.61552,-0.76024,4.05105,10.41776,9.69959,10.61123,7.57985,8.3357,15.94674,18.93573,26.9761,29.3145,30.62202,27.14245,22.54558,22.21858,10.55405,19.87758,17.27667,12.13107,13.08234,7.09836,9.43773,10.10928,13.88417,9.14159,11.32875,1.69024,7.49846,-0.54517,-4.45782
aze,Azerbaijan,-2.29883,-19.99669,-29.82558,-38.50792,-39.63417,-49.39483,-51.1438,-51.22095,-51.19298,-48.69531,-50.61497,-51.02603,-46.94758,-47.43649,-44.3749,-43.09185,-48.47009,-42.57282,-50.14245,-52.54141,-47.49387,-42.48374,-40.82545,-38.13001,-38.48939,-38.68093,-39.01091,-38.06266,-34.10822,-36.91859,-33.30055,-29.75093,-23.80092
bdi,Burundi,41.16766,11.17764,23.70259,28.14371,26.1477,35.57884,35.57884,43.11377,47.35529,47.05589,16.96607,10.47904,-8.48303,9.03194,-8.23353,15.91816,85.57884,10.47904,11.17764,60.27944,109.03194,101.64671,127.99401,102.84431,115.46906,140.51896,167.56487,259.73054,296.30739,340.16966,342.81437,318.96208,321.30739
bel,Belgium,3.38714,1.57044,-0.09662,5.44226,5.70588,10.01696,7.43459,10.01273,6.24142,7.91047,8.74322,2.31831,6.5306,5.32992,2.8807,0.33046,-2.405,-1.23212,-7.25749,-0.71808,-9.7023,-10.98563,-9.83183,-15.61551,-11.59629,-12.56176,-13.90933,-13.56592,-13.75209,-20.32802,-16.88786,-22.51068,-27.20221
ben,Benin,-12.138,-4.4825,-3.27373,-1.71242,-0.10073,170.53639,243.43994,230.99975,262.70461,289.04558,367.4893,439.41073,504.18031,544.09469,605.33871,871.56887,1007.2274,998.9927,1079.0481,1179.07328,1148.75346,1089.39814,1151.34727,1274.51524,1362.78016,1699.4208,1723.59607,1976.60539,1921.63183,2059.33014,1526.24024,1566.83455,1521.22891
bfa,Burkina Faso,40.72939,20.44131,26.32547,37.63408,41.37297,56.69629,150.41373,136.34692,144.40699,169.32271,210.63439,229.75789,266.41128,227.06099,248.72816,255.10267,399.35642,484.24762,465.55317,503.58566,584.76862,700.76617,842.75207,745.63285,1096.62887,1094.42231,1266.41128,1423.23016,1591.17377,1591.54153,1718.02023,1782.89917,1738.58413
bgd,Bangladesh,-4.72585,6.54156,14.80265,21.90023,47.48469,49.56521,62.23994,65.77653,76.9559,82.68001,120.98188,132.56894,143.69345,156.69597,173.43758,194.48312,212.93683,247.54361,273.26692,311.46449,342.18657,373.1098,388.04586,419.02327,478.57859,536.455,584.19096,614.39698,631.93842,593.89324,690.2239,740.31736,745.16308
bgr,Bulgaria,-18.90441,-22.52305,-21.50834,-25.0208,-23.34189,-22.97488,-25.88786,-28.97784,-37.3926,-39.82077,-37.01335,-40.54567,-33.21833,-35.71582,-34.43266,-32.50242,-28.00085,-31.84347,-41.87018,-38.15573,-31.5664,-37.64681,-44.47261,-40.89507,-37.72289,-41.13541,-38.44079,-42.24631,-44.31996,-50.66856,-42.80544,-37.45569,-50.29168
bhr,Bahrain,-3.56509,13.49015,22.76255,25.02897,27.05949,31.65234,35.53168,43.65794,44.41981,48.1341,53.39379,60.26557,65.84368,66.0479,94.80199,112.1298,115.48817,130.63375,130.52289,140.35626,141.75829,151.86757,167.82586,177.59004,179.03458,178.92039,181.37185,181.9395,207.14018,207.11684,210.71027,202.48731,211.96059
bhs,Bahamas,-9.64832,-22.07697,-19.90425,-11.2134,2.66986,14.59216,15.54962,32.7656,19.30584,-8.23053,-8.67244,0.00921,-25.51096,-19.57282,-20.81569,0.81016,20.90775,25.32683,4.24415,18.109,-21.36807,-6.38004,0.44191,4.6032,3.13018,14.64739,26.45922,42.01804,63.12834,32.3329,46.39109,47.00792,55.00829
bih,Bosnia and Herzegovina,-10.50742,-33.96153,-44.57598,-86.57394,-85.70062,-82.10035,-64.50468,-55.03213,-55.67796,-41.88686,-42.63727,-39.66085,-38.1938,-34.75874,-31.45391,-23.94855,-19.73825,-11.89593,-11.86419,-9.59545,2.81812,-5.14668,-5.54387,-15.38715,-15.25204,-4.36005,-2.38472,-2.08968,-8.05596,-8.31071,-6.54496,-7.57088,-10.48464
blr,Belarus,-3.68714,-12.97441,-24.86573,-35.95122,-42.74227,-41.85978,-41.43489,-42.8555,-44.88911,-46.69094,-47.89636,-47.70401,-47.0967,-43.91651,-43.12879,-40.81365,-42.14539,-38.63336,-41.60678,-37.34796,-40.33673,-39.10232,-38.94966,-39.38422,-43.93452,-44.03401,-42.93558,-39.77245,-41.84254,-44.88324,-44.43588,-46.15205,-48.664
blz,Belize,14.64968,-4.37898,-6.76752,-9.47452,2.30892,-15.04777,46.81529,49.20382,55.89172,10.11146,11.94268,11.86306,17.99363,8.28025,19.26752,38.21656,33.43949,28.82166,55.97134,85.11146,18.71019,29.14013,62.81847,62.02229,95.85987,106.52866,125.63694,96.33758,113.77389,74.36306,95.5414,108.35987,121.73567
bol,Bolivia,4.79974,12.88289,35.03555,45.74268,31.75824,27.37024,54.44117,54.54449,34.82284,24.6004,20.51325,28.58575,36.95454,43.50766,50.86453,63.6836,82.12441,94.99362,107.36751,124.54266,144.31141,158.6833,174.7493,195.44336,202.88684,224.27677,230.6111,233.34751,233.93856,181.76279,231.38902,245.46919,261.71903
bra,Brazil,3.69123,5.20374,9.89284,14.04349,23.38823,32.48611,40.70244,44.80126,48.04105,53.99104,54.83531,54.87815,52.6963,60.9727,62.7113,64.6753,73.22923,81.89083,69.8857,93.82109,104.28054,119.36323,130.59528,140.7065,128.11906,112.62274,117.94208,107.48348,106.31888,97.19451,123.00739,111.07356,111.33355
brb,Barbados,-4.62963,-7.30994,-11.79337,-14.11631,-12.06953,-14.01884,2.12801,12.36192,17.65757,-4.40221,-8.12216,-1.44574,3.67122,2.63158,5.01949,13.53151,9.11306,28.65497,29.7271,33.25211,10.34763,4.53216,18.71345,8.49578,17.0078,25.66602,10.8512,20.06173,35.51007,9.09682,23.00195,23.4243,29.33723
brn,Brunei,14.17442,24.6814,25.83256,27.76279,35.2,42.03256,51.18605,33.55814,39.72558,41.26977,36.31628,29.25349,50.06047,45.78605,39.74186,100.35581,90.33023,107.15349,86.53023,71.61163,82.81628,77.26279,81.13953,88.52558,71.2814,83.70233,83.05581,86.74651,76.82093,130.3186,126.65581,119.73256,125.95581
btn,Bhutan,3.97351,2.98013,10.20971,42.77042,77.75938,98.39956,109.71302,119.53642,122.24062,124.72406,139.90066,159.93377,164.95585,165.45254,186.1479,200.49669,208.33333,210.76159,334.93377,394.37086,507.11921,478.47682,506.84327,519.37086,620.03311,683.27815,752.31788,890.56291,983.9404,858.55408,932.17439,963.30022,996.4128
bwa,Botswana,-1.09119,20.35712,18.70616,13.80996,18.38376,6.71013,13.92333,35.5913,42.87891,45.2278,40.12967,47.90973,46.49614,43.59102,55.54099,46.96025,56.67824,59.74279,46.06037,19.53518,41.87274,24.43492,95.28803,152.84135,151.10536,139.16602,163.69659,190.71424,159.94119,115.70538,133.69943,158.01389,163.04471
caf,Central African Republic,31.71806,6.41913,15.85903,21.46004,24.79547,35.80868,35.87162,38.45186,42.54248,62.68093,70.86218,74.70107,65.00944,61.23348,59.1567,70.16992,68.47074,26.74638,23.41095,26.36879,38.07426,40.96916,-5.16048,2.01385,45.68911,56.82819,63.18439,69.41473,83.44871,90.7489,94.08433,122.02643,131.84393
can,Canada,-1.35165,1.54531,1.39667,5.3074,8.04572,11.20601,14.78671,16.64715,18.82512,23.2861,21.30299,25.78024,30.24201,27.07394,31.9247,30.20959,34.85891,30.44148,23.00445,27.49939,30.7432,28.786,30.59649,31.78555,31.02428,30.73857,34.63733,39.31728,37.86235,24.11027,27.50452,30.61375,30.54353
che,Switzerland,5.16654,5.07392,-0.08904,-2.17097,-0.41665,0.81032,-2.0634,1.1906,1.77998,-0.02142,3.15558,-0.47222,2.40619,3.61508,5.02639,4.06008,-0.36131,2.69675,-0.34725,3.40441,-5.6035,-2.67912,-0.43004,-8.70307,-10.21324,-8.97087,-11.16415,-14.07782,-14.35031,-19.91252,-16.13564,-23.20088,-23.62847
chl,Chile,-4.30075,-1.04222,5.07383,14.80455,25.79303,44.16467,63.6264,65.14337,72.77098,62.11816,55.51231,57.1226,62.92436,76.09332,78.02694,81.69068,103.9434,114.69677,105.36795,117.70272,138.02995,144.87213,157.09942,136.90946,153.9285,167.425,170.09016,170.29367,186.64168,163.34974,168.15474,167.46444,152.87635
chn,China,5.62982,10.58291,19.71276,26.20541,39.41278,38.35605,42.37631,45.88628,42.81195,51.88592,59.25394,71.91785,98.43866,128.67014,159.48713,187.95116,212.94997,222.39123,245.85076,278.33529,313.55905,326.54149,347.01274,352.18134,346.38209,347.54761,357.16023,379.33203,390.85416,397.97182,422.79006,418.8639,449.21716
civ,Cote d'Ivoire,3.11901,2.68833,8.95663,13.87571,24.58531,55.8494,89.7278,83.86326,145.52,134.41674,135.08294,148.55489,95.62935,101.73278,115.18455,111.2513,109.7776,132.77817,115.7128,146.11554,138.16157,203.49248,229.76683,251.90942,279.02493,283.68494,314.85145,315.29222,343.80404,340.11305,388.32139,396.72959,384.92648
cmr,Cameroon,-4.70121,-8.40538,0.09045,8.25603,8.44534,11.18613,11.92655,16.51206,12.18948,20.4371,19.8881,18.15275,20.60117,18.51665,15.03544,17.23986,41.64195,48.63171,62.20315,64.57794,56.18308,57.8995,71.93791,86.46011,93.07545,103.95238,107.14541,121.13544,115.33834,118.34837,115.21003,127.72975,126.2384
cod,"Congo, Dem. Rep.",-43.77003,-51.67696,-53.40734,-26.30892,-31.28636,-24.03241,-23.82168,-24.1541,-29.91511,-44.31022,-45.86252,-43.20313,-31.19435,-34.2841,-26.32969,-24.28766,-16.35997,-14.18141,-16.61819,-12.60833,-0.04155,-10.50695,24.46872,59.85991,3.61213,-20.16206,-7.12335,-7.90989,-0.43631,2.64158,4.18794,15.51704,12.77158
cog,"Congo, Rep.",2.02978,-0.49486,-1.79073,-10.09017,14.48941,37.81506,41.92074,68.85301,74.82491,89.20109,84.46215,19.90354,49.55337,51.78863,81.59782,102.02139,78.83414,85.85448,106.15643,121.88719,103.4221,87.82135,128.06458,121.27071,141.13651,134.42231,131.9438,167.83393,202.03397,209.02076,194.35102,223.74083,204.08052
col,Colombia,3.35361,7.22276,13.33922,12.43734,17.66673,15.88753,25.74299,27.82132,11.51539,17.35222,16.65513,12.0812,11.13712,11.18456,14.49579,9.08542,13.19106,13.08154,19.57852,23.35278,32.76771,33.28607,51.77442,54.10443,56.63923,61.0095,46.61611,53.78579,55.10852,51.65477,64.93791,72.08847,89.15882
com,Comoros,20.61069,2.54453,0.25445,,2.54453,6.36132,6.61578,34.6056,38.67684,131.29771,145.29262,153.94402,229.26209,256.48855,245.54707,315.52163,172.01018,172.51908,238.42239,298.47328,261.57761,275.06361,349.87277,294.40204,332.06107,404.83461,549.36387,609.16031,710.43257,750.89059,765.90331,707.12468,708.39695
cpv,Cape Verde,25.32588,24.58101,21.41527,42.27188,42.27188,70.20484,70.39106,73.5568,78.77095,426.25698,501.11732,568.9013,570.7635,624.95345,1032.21601,1142.4581,1291.99255,1256.98324,1222.34637,1303.16574,1538.54749,1312.66294,1280.44693,1345.62384,1360.14898,1431.47114,1519.18063,1529.60894,1628.3054,1717.13222,1748.60335,1831.28492,1773.92924
cri,Costa Rica,8.14807,45.52285,46.27076,71.63442,70.3719,62.69041,60.43296,77.40154,77.07561,75.64498,89.39207,93.29628,107.77755,111.5857,117.94977,136.79155,164.15878,161.93907,151.35858,148.5728,164.37148,162.27528,172.58131,176.3826,166.57061,182.81529,187.86881,190.02676,181.55277,146.33937,175.09606,177.54906,194.12996
cub,Cuba,-22.08436,-38.1473,-43.43152,-41.80479,-38.07591,-32.93034,-26.59517,-27.94074,-25.92368,-25.00905,-28.04135,-31.2943,-33.27927,-34.5237,-32.12357,-30.65436,-28.3683,-30.81551,-30.26068,-27.03904,-28.17767,-25.15882,-24.74496,-30.35664,-23.77058,-29.20068,-31.472,-30.55426,-36.42539,-44.12965,-45.29726,-46.07505,-42.92092
cyp,Cyprus,11.25364,18.32058,23.85254,29.11286,26.30807,34.12741,36.06985,42.61507,48.2462,53.75876,50.85696,54.67931,69.08915,67.90557,70.42578,72.69807,79.11609,83.11092,78.64827,70.60257,65.04689,53.51514,38.82721,46.94621,47.78484,55.66886,58.71295,55.49639,55.55675,46.6293,48.84553,54.90568,54.86256
cze,Czech Republic,-9.26939,-12.76092,-15.49737,-18.8113,-19.27719,-16.97732,-19.02334,-22.67681,-27.66249,-20.04858,-20.10369,-23.01888,-21.04615,-20.52383,-22.02517,-20.97201,-20.03861,-23.79402,-27.66575,-26.89127,-28.62924,-31.10048,-33.81801,-35.20364,-34.56802,-33.64743,-33.30493,-33.93101,-37.57813,-42.96304,-40.08889,-39.91704,-45.30684
deu,Germany,-2.07262,-7.39664,-8.23119,-9.61742,-10.08963,-7.23925,-10.38572,-10.47162,-14.01812,-13.94783,-12.55768,-14.08841,-13.30218,-14.73862,-16.87334,-15.51542,-18.36458,-18.03266,-24.13335,-19.51106,-22.15961,-20.98323,-19.22479,-23.08008,-22.4716,-22.0445,-23.50207,-26.23976,-31.19578,-36.57138,-33.09153,-34.8982,-42.45485
dji,Djibouti,25.56515,7.5113,5.75421,8.25113,10.21373,14.37526,15.40279,17.60173,21.11591,-23.98274,-22.9141,-20.01644,-15.73161,-18.70119,-22.42088,-24.9178,-23.06823,-16.70777,-24.9589,-16.194,-34.96712,-17.04686,-8.91903,-8.97041,-16.80025,-24.08549,-31.79203,-26.19194,-27.30169,-24.49651,-18.53679,-23.08878,-23.01685
dma,Dominica,0.46948,1.40845,82.15962,140.37559,176.52582,203.28638,195.30516,69.48357,190.61033,160.0939,161.97183,138.02817,170.42254,188.73239,184.03756,201.40845,260.56338,245.53991,252.11268,262.9108,179.34272,154.92958,181.22066,214.08451,239.9061,264.78873,224.88263,251.64319,294.83568,221.12676,254.46009,255.86854,275.11737
dnk,Denmark,20.32942,9.46668,13.89616,21.48819,15.56861,41.17938,22.55045,14.94125,9.26277,1.39206,4.44093,3.52745,13.88262,3.26746,-3.3491,11.81837,2.7803,-3.41815,-7.59718,-7.38069,-17.04975,-26.38748,-23.05516,-30.94209,-35.00629,-31.89181,-35.96231,-35.8059,-42.3908,-46.97917,-43.92878,-46.32148,-48.93202
dom,Dominican Republic,4.71237,21.50642,19.99528,40.22294,49.08101,60.37356,82.4653,108.64308,126.19518,136.21767,137.86054,161.14653,133.52968,116.49828,133.45885,155.68728,157.84091,157.42211,146.48747,159.98459,162.46629,171.87861,166.89408,169.59202,196.61485,208.99974,195.50634,218.39342,254.47936,234.29395,268.66619,268.3928,289.60096
dza,Algeria,4.20251,17.49172,14.98546,12.46284,16.15509,12.95287,10.34032,12.85988,17.72925,21.86399,18.93172,24.28627,33.73522,33.90069,40.51827,46.20569,50.93287,57.57137,60.87393,64.37895,72.94375,94.37536,101.91881,114.81749,128.46965,123.10402,130.81072,142.29129,151.73373,138.21337,149.09069,158.65606,149.94367
ecu,Ecuador,0.21249,5.56679,2.99132,7.95939,18.50109,36.53335,42.28927,39.60727,23.59677,25.57009,38.48104,38.40698,41.48717,49.4027,60.85644,72.22244,75.68317,81.56613,97.52935,112.9081,115.03409,116.03386,129.8557,142.35136,140.75971,133.40359,126.52315,135.68112,132.57359,103.4425,127.23808,140.74262,158.22002
egy,Egypt,2.37473,6.49622,6.86572,1.88184,8.98964,16.85011,24.34238,31.27838,41.42309,39.7913,54.31411,58.42194,61.58344,75.31358,94.9524,106.41502,120.71007,120.77947,129.87195,131.41401,139.70496,154.57815,149.9853,154.74394,161.62857,173.3278,186.4197,180.40697,159.08368,147.19801,172.93338,170.11833,172.4912
eri,Eritrea,14.88457,49.14945,107.65492,134.14338,153.34143,178.58445,160.87485,94.22843,106.31835,103.61482,123.35966,120.38275,112.7582,117.89186,83.53584,65.06683,60.99635,40.64399,46.08141,56.95626,87.30255,92.67922,80.28554,80.92345,75.45565,81.3791,78.03767,98.96719,104.58688,104.07047,116.34265,102.7339,103.06804
esp,Spain,3.32251,6.87314,0.555,5.24091,10.62379,6.74459,15.2223,18.67866,28.16147,35.12291,35.41434,42.92414,46.55064,53.32788,59.79216,55.95024,61.62942,48.00074,31.04036,25.63411,26.46178,23.97505,12.41458,11.30065,18.66119,14.97404,21.5155,18.68341,11.17573,-5.63989,2.48833,1.57567,-6.2794
est,Estonia,-8.7187,-33.81108,-45.91139,-44.3766,-49.33606,-46.87051,-47.96969,-52.85976,-56.59265,-55.99115,-55.02189,-56.94773,-51.80212,-50.86022,-50.92303,-52.59864,-43.61933,-49.00352,-57.42235,-45.40081,-45.10803,-48.0206,-41.9655,-44.48196,-49.36949,-49.39786,-46.25001,-43.37265,-62.75007,-70.92298,-68.82416,-68.11831,-71.03543
eth,Ethiopia,-0.94689,-22.43264,-1.2488,14.1805,29.28045,45.77558,52.45872,62.00082,59.90119,77.30204,118.97443,125.09492,140.59284,162.11518,150.28132,164.98788,190.403,213.89689,215.89589,214.5556,264.08216,311.08824,377.66342,467.43058,517.97722,633.34248,625.89543,698.92045,761.32382,672.03239,690.31609,656.55734,664.2697
fin,Finland,1.21911,-3.7909,-1.52415,10.43924,4.49561,15.49745,11.59539,5.90095,4.75441,2.31886,13.07329,16.89763,31.78268,25.30687,3.59186,24.24037,21.0649,6.40716,1.51899,17.11267,3.54953,-6.93934,-5.14803,-12.06674,-18.23235,-13.19424,-18.05092,-15.62872,-21.48804,-29.80461,-29.8553,-35.69417,-42.60399
fji,Fiji,-12.17734,-1.42857,6.75862,11.66502,10.70936,16.05911,19.87192,18.83744,27.34975,43.90148,55.87192,28.82759,49.86207,94.93596,70.48276,83.28079,69.81281,27.21182,4.71921,67.08374,22.64039,18.6601,35.22167,53.59606,59.25123,56.82759,72.39409,81.78325,88.97537,90.62069,99.81281,110.69951,117.78325
fra,France,6.50556,3.02565,-2.0736,-3.18419,-0.83533,2.97709,0.83108,6.54065,4.9036,4.13713,5.2097,3.79955,5.07968,5.35868,5.94219,3.15463,1.29815,-0.58865,-3.86639,-1.94984,-5.43982,-4.96615,-6.30194,-14.84253,-13.57407,-12.84916,-11.92046,-14.70177,-16.22742,-25.423,-17.09109,-19.41851,-26.694
gab,Gabon,-20.04829,-19.43252,-17.63705,-18.235,-8.11039,2.61704,-1.98182,12.18421,6.78809,7.00685,9.2285,4.87271,18.97393,7.35201,3.565,-7.52864,-16.14299,-10.5751,-11.71266,-3.46454,-5.70563,-4.56969,-1.53133,1.53943,4.35903,5.32968,-8.82177,-14.80125,-11.86498,-13.96023,-16.7458,-12.57636,-20.16172
gbr,UK,1.56818,-0.71548,-3.47168,-4.7608,-5.88422,-2.57316,-6.1573,-6.0522,-6.63355,-5.26648,-3.33829,-6.08623,-3.76441,-3.67668,-3.95308,-3.87949,-5.51564,-8.3457,-16.99799,-14.03291,-21.1783,-17.37085,-19.26288,-26.07591,-28.5899,-32.45564,-34.52631,-35.9112,-38.63944,-45.21933,-41.70243,-43.76899,-48.12332
geo,Georgia,-22.84362,-39.33902,-51.44367,-68.33805,-75.29749,-80.00226,-82.46309,-84.09465,-85.82712,-84.88738,-88.75361,-89.58432,-88.53267,-87.50594,-85.56645,-83.52953,-80.8785,-83.53156,-81.24152,-81.75502,-78.01406,-76.01715,-73.48123,-71.47679,-69.1331,-68.03679,-67.6152,-67.71523,-65.43823,-66.52121,-64.77888,-63.36768,-62.70166
gha,Ghana,-7.28521,9.46024,12.92878,20.20441,29.1664,40.17566,47.45768,100.24912,118.5404,94.3756,109.93932,147.57266,132.48483,117.20217,129.56563,178.54998,194.19674,179.34845,220.89428,259.24944,287.47046,367.58863,397.06484,379.00671,404.26381,417.19898,441.81092,511.06356,545.206,607.40977,698.77036,691.7183,671.75982
gin,Guinea,-2.93993,-12.98646,-10.31091,-8.88325,-7.1912,-3.83883,-2.74958,0.68739,4.16667,55.56261,65.63029,78.60618,88.72673,93.45389,85.48012,98.2445,104.69543,118.94036,131.93739,166.64552,183.02665,169.02496,142.9357,151.59687,200.88832,238.71616,239.75254,243.34814,264.44585,280.82699,288.43063,302.79188,292.91455
gmb,Gambia,24.69338,6.0507,11.1202,27.55519,21.66803,26.24693,26.3287,37.12183,41.21014,119.29681,142.10957,151.59444,155.60098,166.55765,170.89125,202.94358,215.53557,220.7686,255.76451,261.97874,282.42028,268.19297,269.41946,296.40229,312.34669,315.6991,318.88798,322.81276,357.39984,380.21259,388.55274,410.30253,395.33933
gnb,Guinea-Bissau,25.3112,12.21103,20.62833,20.2134,23.5329,22.22881,28.15649,30.64612,34.49911,20.15412,24.5406,31.59455,55.48311,59.81031,63.36692,73.02905,81.80202,73.62181,83.75815,86.89982,90.45643,92.47184,97.86603,102.84529,113.0409,122.34736,78.0083,79.07528,89.80439,98.87374,102.3118,111.32187,105.09781
gnq,Equatorial Guinea,4.21941,4.21941,8.57947,1604.21941,1710.54852,1880.16878,2623.20675,3211.11111,3518.5654,3760.19691,4964.13502,4417.86217,4950.07032,8732.48945,8895.35865,8882.13783,9937.1308,9192.12377,7604.36006,7939.24051,8274.12096,7769.33896,7949.64838,7942.05345,7504.64135,7479.88748,6773.41772,6485.9353,6306.61041,6185.51336,6029.67651,5752.60197,5211.95499
grc,Greece,0.03389,2.76552,2.15822,4.24057,8.15279,8.13802,9.3566,13.78806,14.10923,23.30152,25.93919,25.89349,30.71736,30.389,33.01858,31.41914,36.06573,30.71569,23.50627,14.36378,10.56902,4.67766,-5.18124,-8.85469,-10.85284,-12.51081,-12.22469,-14.53091,-20.90198,-32.77096,-30.42764,-29.48556,-33.66811
grd,Grenada,0.3937,3.74016,16.92913,36.61417,22.6378,30.90551,78.54331,55.90551,57.87402,12.79528,14.56693,24.6063,37.00787,30.31496,40.15748,59.84252,77.55906,94.09449,108.85827,133.66142,80.90551,87.00787,141.14173,116.33858,130.31496,150.7874,151.77165,157.48031,195.66929,139.96063,165.35433,166.33858,180.90551
gtm,Guatemala,5.69961,23.91232,37.58015,48.70603,73.53805,70.4366,78.23877,122.33605,121.40357,147.43632,159.93409,173.17528,171.98477,177.22709,200.74087,204.40692,224.47436,195.55476,211.60361,200.86606,210.30325,221.42912,245.79107,271.28478,333.65608,360.86657,338.1984,379.13548,402.75656,350.71149,417.16016,410.36712,445.42064
guy,Guyana,-2.36858,-7.7703,-7.23353,20.5504,30.56147,34.77038,46.88592,49.05001,48.04465,41.612,40.20619,38.34029,37.99949,42.58328,26.38664,13.70878,36.91744,36.78964,38.79185,50.05538,56.20687,70.62282,68.47576,75.94786,76.75726,109.35503,110.34336,119.88583,137.99949,183.70112,178.58908,183.05359,181.51998
hnd,Honduras,0.78122,13.26795,18.72798,35.67698,60.20889,69.88919,74.50431,102.27996,105.01847,112.09188,149.88324,163.90269,192.11565,232.28888,201.08266,245.70543,267.73235,267.65592,246.68195,238.67872,302.67057,321.24995,311.71825,321.4495,346.90698,340.13501,296.47603,281.96408,331.40152,274.22409,319.57288,338.51739,364.73061
hrv,Croatia,-27.14371,-34.29656,-33.03974,-35.85847,-33.62746,-30.80513,-26.56401,-23.73005,-20.15122,-22.3273,-17.65442,-14.38388,-8.81418,-8.89115,-8.40085,-7.65558,-1.76516,-6.51221,-13.12144,-16.05683,-18.00681,-24.6894,-26.31826,-29.14179,-27.74987,-26.74522,-24.64931,-28.78259,-27.9836,-30.86085,-28.96019,-30.07308,-30.01696
hti,Haiti,-2.40056,-9.19047,-23.12949,-63.72875,-1.31418,12.16927,31.01454,34.23865,40.40652,48.4668,51.35798,70.93044,69.69511,56.85124,60.20676,62.1605,91.28264,89.46031,85.95584,127.58893,157.87629,141.59804,160.81128,182.79306,206.07149,213.43087,214.17557,211.63483,214.88523,203.34677,198.73839,197.18766,209.83879
hun,Hungary,-5.38391,-14.66792,-13.29612,-13.64816,-13.77509,-12.07642,-13.83303,-13.96923,-13.40784,-17.75886,-15.65173,-17.07344,-13.34286,-15.91859,-15.37089,-16.11438,-18.23576,-20.04394,-28.52819,-27.63523,-28.89019,-34.12199,-38.07063,-38.0232,-34.27229,-33.26097,-29.25592,-29.60865,-29.79158,-32.24149,-30.51336,-34.18076,-39.40192
idn,Indonesia,7.96523,12.84363,23.53537,31.50418,47.7968,55.78075,70.31794,72,82.5173,84.878,97.54442,100.87057,118.59478,122.62888,124.13867,137.01209,148.41518,145.56869,154.28296,174.26779,209.04535,211.70566,193.59908,212.2514,216.73452,213.43951,231.14301,269.31842,293.94065,267.33219,282.825,305.9071,316.95105
ind,India,7.6082,11.483,16.49259,23.83453,32.5921,38.75972,46.11704,49.9325,60.08847,65.75223,68.44117,74.77981,80.09124,94.24692,102.52366,116.15158,135.37451,150.31511,173.53079,190.28296,208.03579,236.74173,246.80455,273.37911,276.25756,283.4544,305.1664,328.36254,323.18776,286.04906,324.26123,356.28076,391.96674
irl,Ireland,1.6551,1.32235,2.04723,5.81419,7.57289,11.65281,15.5509,23.03658,27.46162,35.52127,42.39495,39.0965,37.46923,39.10639,45.5663,47.4654,45.18561,43.13189,27.3138,26.55336,14.8656,16.26619,12.35326,11.76352,16.41679,22.22171,18.41578,14.94693,9.53353,3.60368,9.41756,7.41332,0.45212
irn,Iran,10.43134,17.29303,16.71115,33.1363,35.92792,41.10836,47.40458,47.28911,61.10613,69.78023,76.60383,84.35604,94.55942,108.65227,124.97079,142.74841,158.32276,166.22008,174.88055,176.5762,180.9988,184.14348,193.81147,205.27206,201.89535,208.04631,219.59622,217.20203,234.24451,241.72098,254.29894,264.83835,273.59222
irq,Iraq,-21.59098,9.11471,44.24671,58.33494,57.10416,44.95751,74.41471,35.7456,6.99602,27.88816,44.94008,36.87543,19.35911,30.06345,25.62014,22.204,12.93866,30.56644,39.46443,60.55098,66.9059,91.58543,107.9519,99.13585,98.58346,119.31922,138.58069,157.00062,178.86708,145.44524,151.76704,174.28698,177.79039
isl,Iceland,-2.05833,-1.43913,2.86971,7.72516,4.29602,15.74497,12.15356,15.71935,17.1115,21.88154,26.36119,33.67212,32.43797,35.66213,33.59525,38.47632,48.44344,61.45108,63.48379,59.59346,53.9309,55.69458,58.49169,47.95234,55.01132,35.7817,42.23427,41.51685,35.57245,29.35047,37.79733,38.79233,31.79314
isr,Israel,1.84536,9.04598,19.5742,27.99673,36.85419,45.57056,50.3174,51.92684,56.02355,68.35711,68.25775,77.51523,82.50595,81.99691,75.94724,84.94722,91.72028,92.74005,90.55316,104.50524,102.19031,120.48383,94.06531,87.42313,93.26215,92.09332,92.84822,80.49848,85.83527,74.67848,73.43783,78.44416,73.90428
ita,Italy,-0.25205,-0.69423,-2.28007,-3.57887,2.08357,0.90175,1.70666,3.87081,5.47089,6.63689,6.48598,8.19634,12.83683,15.53271,15.73017,14.42591,12.73477,9.14129,-2.86203,-0.55734,-2.69921,-7.40111,-15.08324,-19.47967,-16.97784,-18.05036,-18.87423,-20.12303,-22.02755,-30.61375,-21.60803,-21.96233,-28.3588
jam,Jamaica,-1.16217,7.84171,9.78387,10.86778,14.64646,19.59122,22.39164,28.89509,32.3216,33.20464,34.04203,33.36768,37.35375,37.96157,38.43635,60.198,59.18192,28.32901,4.53911,-0.07956,-1.27695,-8.96474,-2.83825,-6.27389,-7.75301,-0.9926,-5.07389,12.96647,10.05126,-23.17164,-16.0121,-16.92645,-10.46082
jor,Jordan,0.16979,18.83688,23.46294,29.02534,37.08098,40.27921,45.16939,47.30817,47.58023,63.48896,63.90897,70.84856,75.2393,88.85932,101.72869,103.99754,111.92609,103.4832,109.13992,104.41755,108.65041,143.59957,139.30713,156.5871,154.51485,150.56001,163.62102,150.78342,135.04846,113.65577,121.51283,121.77893,134.12304
jpn,Japan,0.86017,1.29047,0.67892,5.23963,6.15484,7.25377,6.01035,1.96602,5.47673,7.02618,5.86193,8.7936,9.41767,8.96111,9.95814,8.01111,11.09225,4.98238,-0.46379,4.59622,9.12921,12.382,13.7027,9.37861,5.87878,5.66094,4.37296,1.06219,-2.34194,-8.11213,-7.01924,-13.44205,-19.03159
kaz,Kazakhstan,4.54521,6.70946,-9.0514,-18.02144,-27.47328,-36.44323,-44.77456,-43.05475,-47.85427,-46.82027,-47.52317,-41.46711,-34.78227,-29.7941,-24.54913,-15.46101,-11.6757,4.41863,-6.94286,0.50884,7.92421,7.50237,15.11217,-6.56792,-17.3917,-13.23104,-8.42343,-7.93708,-12.74654,-9.61132,-1.51327,-3.38109,-3.52319
ken,Kenya,-3.86037,-2.63699,-4.26713,-2.81485,3.89285,14.39751,10.0082,20.33809,23.51331,37.72832,27.60877,23.84893,11.81001,24.50779,39.56416,55.47427,55.46963,64.12608,93.49645,109.57514,116.29213,100.88003,121.75325,153.61678,174.36472,197.42023,208.37806,195.61532,200.25365,197.08307,232.33525,230.81646,236.13839
kgz,Kyrgyz Republic,-10.12516,-40.8253,-56.51544,-71.55037,-79.88747,-74.99419,-75.32728,-73.97461,-79.22847,-79.71924,-82.96184,-78.70262,-76.07548,-76.28387,-76.27331,-76.37011,-71.50556,-66.93058,-70.23617,-72.07876,-66.59072,-55.86615,-59.0555,-57.97801,-56.39454,-58.82428,-59.26516,-51.51055,-56.77371,-60.65545,-55.59435,-56.41441,-55.76766
khm,Cambodia,10.31691,20.95767,22.66944,26.11612,247.18945,285.42679,311.51978,361.18436,349.24821,362.84987,405.94495,419.89359,459.24127,459.58825,524.75133,595.65117,755.07749,847.65209,1027.36526,1093.12977,1140.64307,1202.40574,1216.56257,1525.8848,1869.46565,2349.94217,2640.85126,2753.55077,3567.61508,3739.87971,3780.98543,3914.45755,4056.85866
kir,Kiribati,4.7619,14.28571,15.47619,19.04762,7.7381,8.92857,12.5,15.47619,15.47619,95.83333,75.59524,160.11905,166.07143,176.19048,266.66667,294.04762,266.66667,308.33333,245.2381,263.69048,239.28571,232.14286,257.7381,261.30952,270.83333,303.57143,369.64286,379.7619,398.80952,406.54762,431.54762,460.71429,479.7619
kna,St. Kitts and Nevis,33.81643,34.29952,62.31884,92.75362,62.31884,87.92271,92.75362,97.58454,100,139.13043,143.96135,177.77778,189.37198,214.97585,193.23671,233.81643,269.08213,287.92271,336.71498,376.3285,275.36232,285.02415,339.13043,369.56522,391.78744,438.16425,401.93237,425.12077,503.38164,389.85507,442.02899,444.44444,473.91304
kor,South Korea,9.91847,17.20093,27.30457,37.1932,48.73449,58.60993,67.3917,43.10628,55.95308,74.24351,77.30631,80.53224,82.08513,89.51032,89.39747,91.79083,95.86379,99.65799,102.61638,119.79993,131.10993,132.30138,131.09891,129.13227,136.1759,142.49472,145.42563,146.41834,139.2742,125.7068,131.906,116.01117,110.76286
kwt,Kuwait,18.79127,-16.801,5.76778,25.68996,24.39027,22.33519,28.82225,42.9498,53.94259,68.10038,77.44387,85.39448,94.93792,107.44918,132.75034,140.90028,135.47378,152.18683,157.71517,166.90745,177.32445,180.09479,187.50571,181.64103,192.1719,200.03857,196.84488,202.39388,204.93464,204.2814,227.52842,237.56681,244.46704
lao,Lao,22.28261,34.86025,42.11957,56.75466,53.92081,80.59006,99.6118,114.01398,107.56988,262.77174,299.49534,348.13665,365.83851,388.35404,405.6677,563.2764,601.08696,718.90528,925.11646,1049.6118,1113.58696,1194.9146,1431.13354,1603.14441,3365.60559,6061.06366,7370.53571,7610.44255,7419.37112,7445.72981,9145.57453,9430.62888,10001.24224
lbn,Lebanon,24.04239,33.24684,90.89098,109.70669,143.11927,152.46099,177.23498,175.28963,183.67709,156.25293,176.5084,175.6278,175.70984,179.38626,177.46936,170.07467,150.21931,206.53921,260.90705,245.83138,251.23887,292.33409,286.77091,317.99203,350.40179,366.48028,390.43561,360.25246,352.05752,265.27657,182.2457,182.44827,190.1644
lbr,Liberia,-31.51855,-38.45743,-34.05391,-34.24073,-32.39925,-26.52789,-27.30184,-22.79157,-19.90926,7.39258,22.09768,23.59221,33.49346,45.42301,81.98559,93.0878,78.30264,50.25354,39.84521,112.97038,138.43074,164.29143,145.12944,216.33307,226.5012,266.39979,222.23112,267.14705,287.64345,312.75687,331.6253,348.35869,336.85615
lby,Libya,0.67496,4.97531,11.79747,30.1383,47.49381,55.08713,43.61044,42.20722,46.30598,50.99604,49.35415,52.86986,64.79295,63.0763,76.84992,76.08979,64.65998,75.06894,84.63718,95.06483,35.52783,92.57273,91.8172,89.3392,67.5614,57.25477,70.08934,75.86001,77.14435,40.37323,71.58509,74.77941,87.68413
lca,St. Lucia,0.42373,1.12994,-1.41243,18.92655,16.94915,15.96045,19.0678,21.89266,23.58757,36.29944,46.0452,37.28814,59.88701,54.80226,62.57062,80.50847,95.19774,111.01695,127.40113,157.06215,99.0113,105.64972,135.16949,150.70621,157.20339,176.9774,176.83616,164.26554,340.67797,257.62712,295.48023,297.17514,318.92655
lka,Sri Lanka,4.40139,30.038,27.30512,46.81991,47.29899,107.8871,107.34902,114.1222,136.6153,170.56852,168.38553,180.76605,203.43143,213.3316,240.50221,211.34213,233.28771,213.95464,201.5104,218.99559,275.39235,322.27126,250.11918,321.94558,365.11458,454.21849,452.42489,418.72419,465.72346,422.96038,436.26366,371.5314,384.22344
lso,Lesotho,24.56302,5.97976,2.4839,11.68353,14.62741,18.85925,18.95124,16.46734,19.87121,225.39098,233.76265,252.5299,257.68169,274.24103,275.71297,285.0046,391.90432,303.40386,372.5851,382.79669,405.33579,437.71849,441.67433,452.71389,444.25023,499.08004,547.93008,534.68261,579.66881,613.79945,626.21895,683.62466,708.00368
ltu,Lithuania,5.27906,-40.52839,-53.82554,-55.20247,-56.96063,-55.59339,-57.10442,-54.66092,-62.0438,-66.81292,-64.72134,-64.49556,-64.43377,-62.80174,-60.26172,-59.58977,-55.68166,-54.93312,-62.39544,-60.02768,-59.2333,-58.74841,-61.95696,-62.39173,-61.11361,-61.51536,-60.25004,-60.09345,-59.30192,-59.42349,-59.20198,-62.55858,-62.65966
lux,Luxembourg,4.01139,1.62209,3.4796,-4.22677,-24.21108,-23.63087,-28.63488,-34.83103,-31.82645,-26.52858,-22.07557,-16.24841,-12.72541,-0.81981,1.13287,-0.30388,-5.31707,-6.39401,-11.4264,-6.38733,-7.41752,-9.27336,-13.81654,-18.02077,-22.28261,-24.51997,-23.2936,-20.95105,-19.70046,-33.66476,-30.49823,-39.36586,-41.49886
lva,Latvia,-8.29786,-27.08695,-38.57725,-46.54787,-52.92864,-52.85116,-55.07358,-57.0972,-59.90733,-63.14767,-60.91812,-60.93239,-59.65858,-59.44195,-59.07444,-56.4789,-54.57252,-56.78932,-60.4925,-54.74328,-58.0402,-59.09126,-60.35589,-61.4044,-61.02568,-61.87998,-62.12567,-58.68194,-59.96391,-63.18335,-62.14198,-66.06281,-66.6072
mar,Morocco,4.82839,12.30503,15.67168,25.23494,30.32834,28.76593,35.63062,38.93714,46.26547,49.45485,64.70876,70.40966,69.64271,90.67903,98.83666,102.05678,104.89743,120.2707,117.97075,131.71793,150.58746,160.70299,160.44779,164.76889,172.26646,171.66564,184.36172,190.31248,220.02485,200.92907,225.69235,213.09024,211.13546
mda,Moldova,-19.3765,-35.86088,-45.43017,-55.739,-61.46951,-66.80998,-69.73166,-72.38775,-76.5864,-78.33732,-77.43813,-77.03646,-75.27202,-75.20696,-73.82439,-74.513,-74.78487,-75.09445,-75.46814,-73.27846,-73.18417,-73.75556,-76.45471,-74.73678,-73.92559,-73.53618,-73.9061,-72.15737,-71.37918,-72.20137,-69.68011,-70.27696,-68.79632
mdg,Madagascar,6.90681,8.28376,12.24939,38.27936,55.82727,49.69156,64.23221,83.34435,88.09209,86.61599,88.40053,28.44239,70.67636,84.61115,96.95968,88.84115,98.64508,105.98149,95.61577,116.79885,152.70985,213.97885,235.86693,245.1421,276.50364,258.08548,291.28663,271.94316,340.65874,242.39921,349.66953,339.51311,351.54219
mdv,Maldives,3.78151,13.86555,34.55882,189.28571,255.77731,262.28992,222.58403,265.23109,265.12605,567.85714,490.54622,615.33613,506.51261,676.05042,619.22269,778.57143,822.05882,903.9916,933.71849,1006.72269,1101.89076,1414.81092,1602.94118,2203.46639,1568.38235,1721.11345,1827.73109,2137.18487,2495.37815,2538.7605,2667.01681,2821.0084,2921.32353
mex,Mexico,6.14859,7.42797,10.59199,19.50334,12.62975,18.03115,24.52622,32.56319,28.79708,36.96009,36.2856,38.41654,45.23824,48.60281,54.42053,60.15929,62.55188,63.0434,59.34264,64.65134,67.96412,74.76763,70.55119,65.99524,69.26963,71.35293,72.81059,64.35226,67.53109,47.69739,56.35023,60.86102,68.1626
mkd,North Macedonia,-11.54255,-21.32101,-19.20482,-21.6186,-22.10476,-8.19042,-17.32455,-9.14039,-16.29684,-19.23788,-17.59354,-22.34247,-15.62212,-17.77496,-13.64623,-13.78833,-7.40668,-9.36291,-18.48631,-18.00642,-8.45495,-14.02783,-21.38804,-25.36663,-29.0655,-31.85998,-28.63743,-32.54631,-22.39966,-32.20672,-31.60082,-25.07529,-21.68205
mli,Mali,24.5135,13.71626,10.92279,10.76585,13.74765,24.13685,24.16824,28.4683,32.20339,151.85185,159.94978,172.50471,179.28437,186.78594,196.86127,259.57313,323.57188,392.31011,531.79535,526.61645,585.96987,622.78719,770.46453,815.97615,999.90584,1325.04708,1490.36409,1603.48399,1860.23227,1933.49027,1971.12367,2048.49341,1990.61519
mlt,Malta,-4.47498,-6.29253,21.15169,8.32544,2.75218,0.40055,6.67585,2.66603,4.12611,-8.0541,7.45112,0.09906,12.55922,12.27065,13.47661,14.56198,17.31846,17.68886,8.46757,11.77535,11.21974,17.36153,2.61866,2.04583,-27.9826,-41.19649,-32.89258,-32.49634,-27.94814,-30.21363,-29.91214,-24.21828,-27.44422
mmr,Myanmar,-3.18563,2.64191,14.77303,37.6207,66.94793,75.55726,74.76988,90.07987,108.56195,126.54544,97.95145,99.5217,147.2137,139.82493,153.60076,135.80227,146.2932,88.48931,75.62269,94.67557,106.94883,183.30701,220.82845,300.21884,345.24637,418.16849,661.09783,655.84108,675.47153,683.0092,618.03538,630.81175,652.82917
mng,Mongolia,13.00902,-1.44891,-9.20762,-20.85216,-21.32676,-33.50446,-34.82332,-34.61872,-34.18062,-31.2288,-31.45469,-26.54284,-28.79189,-27.15892,-15.35466,-3.27507,0.47536,0.4419,5.93788,13.36878,23.48758,34.30992,45.86395,48.53131,37.08453,45.37717,60.2694,74.57445,92.66341,71.21039,88.9936,96.91888,113.85403
moz,Mozambique,-16.14014,-0.03443,16.29508,-1.42894,8.23793,4.44177,15.46871,11.58647,11.02694,35.21563,63.24352,71.05105,117.38831,139.31308,129.44822,143.33305,179.2115,171.06826,192.89834,210.44159,265.7829,304.70001,340.46656,398.43333,455.88362,617.1645,615.4601,593.31153,642.65301,586.91573,699.56099,763.23491,738.43505
mrt,Mauritania,26.31355,223.07039,220.08214,232.71491,246.0558,243.29415,239.71109,245.75839,252.2164,51.06925,64.79252,83.07605,91.54511,110.45178,118.08526,141.36808,165.92551,199.03696,197.79068,199.60346,223.49526,262.22915,231.59609,280.8809,287.57966,268.58802,429.35845,456.7625,511.71222,538.54978,550.262,576.90129,558.58943
mus,Mauritius,7.11576,13.16921,24.77869,28.52205,31.64151,37.90574,38.48748,51.90119,86.19003,105.93542,117.75567,122.27468,132.73754,134.72726,151.10024,180.01855,187.78349,193.98027,189.79007,209.81368,208.20336,215.55518,225.28455,236.38816,237.36616,243.63039,255.40848,252.5841,255.14712,216.55847,236.7254,241.37931,255.24829
mwi,Malawi,14.86882,25.59729,27.38103,32.7062,35.77892,45.12076,63.73283,73.63453,78.1785,102.05065,105.87852,103.56097,105.18195,104.83692,132.32211,146.93705,165.44496,179.06386,170.75711,192.21405,274.10325,270.64644,227.6219,223.6508,218.97012,218.6316,250.45244,259.53388,263.58961,241.72905,305.38376,287.20135,319.74481
mys,Malaysia,16.89027,23.06981,23.40183,35.92265,41.15997,60.55031,75.80527,71.78415,85.79684,103.00362,114.84424,127.49172,143.04627,163.30137,181.19409,191.46864,218.12028,235.56424,207.31765,234.6273,238.90237,241.3079,268.26642,290.33782,292.61032,284.28976,269.22696,294.83409,296.14714,293.33181,301.90183,325.85006,339.79104
nam,Namibia,-9.42942,-1.46056,14.28457,31.97978,43.03828,56.79319,62.20207,67.4023,59.28898,56.36787,97.88139,71.55926,84.12647,95.1609,108.00096,105.10392,111.07455,141.64995,147.3076,155.52524,170.65244,184.92095,204.2613,215.84945,231.7952,241.7302,235.87192,238.20721,239.97271,211.13875,217.31803,241.44932,250.26081
ner,Niger,-4.59585,-9.5131,9.88269,-7.90615,-11.28073,2.87643,3.80845,11.97172,9.75414,12.72698,13.51438,17.86919,28.04114,33.82613,28.36253,28.82854,39.8843,46.26386,82.25936,131.6889,136.83111,230.30693,227.35015,253.84863,248.6582,248.43323,218.51197,237.77921,281.32733,287.20874,359.39258,366.81665,353.62365
nga,Nigeria,8.30319,18.63574,15.36908,7.70777,18.29835,37.97354,34.22277,21.61441,19.79847,33.5484,42.08619,28.92156,43.37741,38.48175,37.20664,23.59451,12.56482,22.40608,8.19268,26.13501,39.02963,36.87032,55.36306,64.17832,56.5909,60.68438,58.46409,66.29862,72.7651,62.6043,74.39277,73.22764,70.34523
nic,Nicaragua,0.5499,16.73625,14.53157,30.28004,38.40631,46.76171,57.07739,82.63238,84.23625,91.74644,103.13646,110.11202,130.1833,136.13544,124.02749,137.21487,145.77393,136.0947,130.91141,137.15377,148.27393,146.54786,135.81976,149.5723,179.45519,190.93177,188.89002,163.37067,170.63646,140.77902,163.57943,175.15784,191.51222
nld,Netherlands,3.71144,2.55891,4.54118,5.20637,7.77116,13.97607,9.27233,9.73087,6.87786,7.3048,10.09892,10.3308,11.81183,13.30421,10.5107,7.80822,8.51793,9.17104,6.01051,12.92064,5.61608,4.10763,2.74839,-1.86976,2.75761,3.61555,1.95334,-1.12221,-4.25223,-13.93877,-11.2551,-19.34869,-25.47384
nor,Norway,-6.86532,0.13439,6.03307,11.48424,11.9414,12.75409,19.25506,24.20941,28.66062,15.02995,16.44493,14.51854,22.39924,23.62475,19.28039,21.2054,23.66606,29.72282,24.2711,32.14684,29.26594,27.75319,29.09739,29.40749,32.06229,30.45647,30.55891,29.30807,25.97524,22.59505,24.20666,22.70465,21.35329
npl,Nepal,23.18295,29.65175,43.16824,74.28099,89.42387,101.07507,122.12625,135.64275,206.54231,214.18726,235.83571,174.20748,211.31122,168.92401,200.99237,149.22356,156.50096,183.46963,273.40807,339.63981,392.54801,471.96545,478.49858,575.53064,572.74649,889.00119,1112.80897,1268.06947,1136.81889,1412.02793,1424.49692,1482.45888,1547.87283
nzl,New Zealand,2.70699,9.28577,9.36053,11.74035,15.43891,19.42042,25.57235,22.00201,28.30547,32.20016,39.92484,40.31752,44.03095,42.41519,45.12299,45.57998,40.71423,45.13706,34.00482,34.11736,31.17685,39.51969,38.72106,41.55225,41.94895,39.3541,45.49236,44.05466,49.93006,41.71222,41.75884,39.07114,43.87098
omn,Oman,21.35588,25.19257,26.14808,18.95003,22.7989,27.71725,33.99939,34.96709,53.68068,60.37294,73.56429,85.5716,96.11517,93.64656,101.35588,156.82572,177.69835,172.56551,187.04266,213.78976,264.05119,310.94698,330.42108,357.2078,383.38818,397.90128,401.83668,420.02559,426.20475,400.89823,436.71237,454.35954,467.30165
pak,Pakistan,3.78774,14.12721,26.90137,30.39363,39.97742,46.52138,50.99699,52.44574,66.95224,70.46979,73.64219,72.66829,79.00653,100.25266,104.03369,121.39059,146.76871,138.25392,143.8895,137.15597,136.52005,139.37076,144.99233,157.79849,171.63754,199.84975,224.99089,208.25344,203.20836,239.01875,260.76715,233.24068,205.55177
pan,Panama,15.3815,37.69038,40.7218,49.7204,61.12501,62.23972,70.57244,110.33404,84.10345,90.90207,128.18409,98.95887,101.5525,102.56052,161.16548,175.48745,175.01656,166.92296,219.07512,237.6352,267.72497,284.29843,277.44095,296.18865,291.01611,292.23383,273.25068,265.10558,382.05798,252.69296,299.97057,341.39872,441.55323
per,Peru,-2.90655,1.28679,6.56732,9.32273,24.2014,36.48393,36.11066,30.84932,40.63792,39.06183,29.23676,34.81427,32.18121,52.6537,52.7439,51.06273,64.90697,87.06399,101.36403,119.94089,135.92402,135.63999,141.40798,155.45469,163.36589,175.83507,164.87147,165.50095,179.04148,127.98499,155.57608,173.53257,180.21168
phl,Philippines,0.60009,9.50377,18.08755,27.35974,53.59421,61.06917,80.48468,77.49197,73.75026,74.38135,68.33745,71.27003,75.57942,77.72073,85.22787,66.64522,80.70804,82.58794,84.66301,99.51077,98.61568,110.15764,128.90941,144.23865,165.78301,184.83446,218.53592,231.89977,247.36547,218.95351,241.93904,253.80465,278.81734
plw,Palau,-0.74215,-9.28151,-7.15247,38.95821,8.98929,2.58361,16.80505,5.70064,12.24547,-1.57243,9.63403,-33.01637,-20.30706,-29.41231,-19.51389,-21.2533,-35.82263,-35.16397,0.83028,-2.09657,9.91697,67.16453,-15.38105,-41.19857,-44.5568,-46.9224,-44.51041,-42.92407,-41.17074,-40.79503,-38.35521,-35.15005,-33.2251
png,Papua New Guinea,2.48037,15.90762,18.37875,17.96305,14.41109,17.35797,23.10855,53.39954,25.48268,36.05081,65.51963,89.69053,109.18707,122.56813,141.54734,145.59353,144.04157,135.6351,128.62356,95.42263,106.40185,96.77136,111.34873,155.74596,175.88453,205.77367,200.4388,212.25404,229.45958,175.43187,156.73441,168.48037,174.90993
pol,Poland,-0.61902,-3.01729,-2.89848,-4.54141,-4.06182,0.24609,-2.38676,-10.08475,-12.61909,-15.74792,-16.62751,-18.57801,-15.13542,-14.54803,-14.655,-10.98049,-11.10183,-12.64221,-16.19877,-11.34819,-12.00783,-13.94891,-15.19577,-18.56647,-17.70488,-14.75547,-11.12328,-11.2942,-15.99953,-20.09099,-12.83237,-14.59748,-22.77595
prk,North Korea,-3.82595,-14.94356,-21.18562,-27.86689,-32.48116,-40.09146,-41.89953,-52.35946,-48.04178,-44.07109,-41.89877,-44.34632,-43.1801,-42.01122,-39.57663,-38.43155,-48.4819,-43.57755,-45.70494,-47.69684,-61.42319,-62.78567,-71.21718,-68.4134,-75.19083,-72.64605,-44.22856,-49.66298,-44.39482,-47.65198,-56.59855,-54.93849,-51.2941
prt,Portugal,3.27704,11.67174,9.31387,12.57025,20.29033,16.42473,22.07258,32.11943,47.37453,46.25826,44.55593,54.17498,42.9676,46.96081,54.37389,43.27209,39.6213,34.89828,33.14827,21.24492,17.0419,13.37112,9.65879,8.58952,17.79463,15.07799,25.5767,16.41928,5.98982,-7.06953,-11.0741,-10.31115,-17.86661
pry,Paraguay,-2.28794,17.12059,33.50757,55.5525,76.55663,74.18615,92.91609,102.12288,102.32921,66.8409,73.0995,81.21045,86.99221,89.15177,74.3558,87.89088,78.44108,108.48693,115.07565,139.37185,148.80789,146.97387,157.39569,171.89821,204.45667,243.50298,287.30399,299.79826,289.58735,264.05319,310.7978,274.99771,278.44567
qat,Qatar,6.15431,11.73034,14.65704,20.75423,23.54607,34.16521,64.27898,76.90147,91.57264,86.97767,90.96728,113.17073,125.3545,142.43181,156.50763,188.46457,230.6308,264.25778,276.71362,325.21965,389.83606,443.64665,501.43037,552.25774,571.80419,571.63106,571.93138,576.58348,592.95119,578.91541,594.66952,599.16733,653.21466
rou,Romania,-19.03676,-26.30617,-30.17266,-31.74403,-28.94814,-27.26971,-33.7594,-41.95006,-50.35953,-48.11224,-44.39176,-44.92615,-42.6036,-43.76858,-44.34898,-40.96592,-42.96499,-43.88096,-54.36151,-55.61224,-52.16339,-53.32714,-57.6453,-57.93318,-57.23421,-58.08472,-56.43835,-55.79701,-56.77556,-59.67761,-57.17243,-59.52964,-62.30386
rus,Russia,-1.754,-9.66354,-17.5478,-25.65977,-27.54507,-29.2262,-34.12669,-33.86974,-31.8256,-30.99487,-30.86686,-31.23554,-28.6924,-28.62624,-28.60865,-27.09425,-26.97802,-27.58119,-31.77833,-28.29794,-24.77968,-25.30556,-27.58596,-28.16265,-27.87888,-28.80231,-27.62869,-24.4152,-21.60864,-24.93423,-19.63386,-16.87487,-15.05411
rwa,Rwanda,-9.98553,-9.73227,-9.44284,-13.29595,-14.94211,-14.68886,-12.8437,-10.09407,-7.10926,23.08249,25.81404,48.04631,28.12952,24.18596,34.17149,34.64182,22.52171,22.5398,25.75977,32.09117,37.77135,53.07525,70.2424,73.11867,99.80101,118.59624,136.84877,163.56729,172.72069,161.9754,204.14255,193.45152,197.75687
sau,Saudi Arabia,2.14093,9.81632,15.63404,25.7967,24.87451,32.55755,34.10711,43.47207,46.2406,52.52152,58.58835,68.90017,77.29781,88.04644,99.18166,110.88917,123.04324,141.79716,155.32587,179.97013,192.81518,210.13966,214.65573,236.92727,251.60203,250.4868,246.93271,233.54299,233.81999,228.28524,236.11497,248.04662,258.19951
sdn,Sudan,-10.87686,-15.60201,-39.69846,-11.37823,-17.10251,-18.29642,-1.19932,-11.24477,-1.83776,8.20408,18.08902,44.23604,48.12257,65.38378,95.98543,139.48564,159.69196,177.29043,187.21324,204.96682,192.81669,216.00779,217.84375,233.9363,288.85803,331.79736,326.87563,330.73871,323.37505,285.00036,315.07178,286.0013,283.66217
sen,Senegal,0.55819,10.51252,7.92456,10.21651,16.47497,25.63853,38.21465,55.08711,71.12229,68.71617,90.84066,97.99137,92.12618,118.90223,143.07764,137.40697,162.97784,172.4797,178.76353,195.05244,216.2297,211.36671,231.53332,254.45281,289.78349,335.39411,331.44029,353.95805,366.35656,357.30294,416.88938,422.56428,408.45315
sgp,Singapore,5.78516,8.05543,24.72336,31.59737,30.63523,34.35488,33.32259,29.76852,30.83904,43.82903,45.0528,42.87448,34.10747,40.68099,31.86058,32.61228,37.00084,35.61593,38.27769,54.48177,62.23324,58.49685,66.31341,70.2299,74.37864,67.41521,79.78147,71.33739,76.6369,70.24444,75.96419,76.17811,80.32084
slb,Solomon Islands,3.75704,13.96368,15.52912,18.7226,7.76456,8.95429,12.27301,15.52912,15.52912,47.65185,62.11647,69.88103,74.07639,79.39887,87.16343,87.72699,102.69255,105.57295,105.25986,124.42079,133.4377,132.81152,146.08641,134.43957,108.89167,102.62993,108.57858,121.91609,125.61052,129.11709,140.26299,153.6005,162.2417
sle,Sierra Leone,32.30964,-18.10986,-20.10448,-17.47665,-10.57464,1.01314,-1.53554,3.56182,6.4271,-31.20152,-13.53491,-8.69083,-3.05525,-3.08691,-10.0839,13.5824,5.42979,2.75447,3.56182,12.87003,38.54678,56.10258,79.81637,91.53079,60.58256,66.13899,62.30806,61.32658,58.11303,64.69843,68.13361,74.59237,70.15989
slv,El Salvador,27.56267,43.57887,55.97763,80.91786,97.82106,76.13575,115.91593,126.26302,124.57385,123.57501,132.68415,133.55958,153.70613,163.28577,171.13382,184.86695,199.90359,173.28191,165.9005,159.19013,170.72117,169.76089,155.62669,162.5646,180.09641,182.55688,155.63826,173.77555,212.53374,156.61396,190.45121,205.36059,223.16236
stp,Sao Tome and Principe,32.72727,12.72727,9.87013,33.76623,37.4026,42.5974,42.5974,45.45455,49.87013,43.11688,43.8961,66.23377,88.05195,114.54545,132.20779,149.61039,153.50649,172.98701,198.44156,222.5974,233.50649,249.61039,251.16883,242.85714,262.33766,276.62338,279.22078,274.54545,333.50649,355.84416,363.63636,432.20779,456.1039
sur,Suriname,14.06051,11.59103,12.09222,12.71186,14.91708,13.44997,16.78513,18.68052,16.21104,34.86422,38.53654,1.85894,12.47494,26.98196,53.85457,39.51157,28.87735,33.00529,32.24895,59.39493,78.19391,122.72644,108.46546,138.8008,148.3142,169.73756,123.22763,95.94496,142.45489,137.27902,137.6253,131.38327,139.5298
svk,Slovak Republic,-13.13961,-18.85605,-20.55386,-25.12458,-24.52994,-24.15666,-24.85571,-26.33315,-27.61628,-31.24696,-30.77306,-30.875,-30.10915,-31.04325,-30.35871,-30.36152,-31.82857,-32.13553,-38.61157,-34.19128,-37.51021,-40.45767,-40.00686,-43.94434,-43.07374,-41.53098,-37.78336,-38.62229,-42.63053,-46.19852,-39.59862,-41.35498,-42.49642
svn,Slovenia,-7.19175,-11.39712,-6.72338,-6.07353,-0.06939,4.95863,8.28796,7.03763,2.99773,0.3296,12.72885,14.79784,13.78436,16.0842,17.66813,19.72712,19.57699,26.02148,12.69149,14.50961,7.30117,3.54484,3.50881,-5.72325,-4.59634,0.2482,2.40326,2.37056,-1.8308,-10.45303,-8.18788,-12.38391,-19.42554
swe,Sweden,0.86542,5.33165,5.46833,10.15245,9.62742,18.57529,8.14615,10.26061,7.95171,1.4741,1.60396,3.9314,4.40305,1.61726,-4.56546,-3.57684,-7.52364,-9.50299,-17.8882,-7.45294,-15.19044,-19.97413,-23.05517,-25.13725,-24.92409,-25.39381,-26.70691,-30.9969,-31.50181,-33.85708,-30.20499,-36.63167,-38.06044
swz,Eswatini,-1.38462,-17.43891,-25.82805,32.0362,28.23529,2.68778,4.59729,6.60633,14.45249,-0.72398,0.58824,-2.1086,-9.16742,-10.1267,-10.43439,-9.68326,-6.61538,-8.34389,-5.05882,-22.61538,-25.90045,-26.66063,-12.92308,-11.10407,-7.63801,1.42081,0.45249,0.46154,6.22624,4.52489,12.74208,22.40724,25.80995
syc,Seychelles,42.12509,19.78146,20.30897,19.85682,27.54333,32.32856,40.46722,43.14243,47.40015,186.69932,213.82818,184.13715,185.90806,299.73625,263.71515,299.35946,226.14921,248.5682,285.26752,246.948,197.09872,238.69631,206.25471,249.92464,268.61341,310.51243,325.20723,278.56066,303.01432,323.92615,331.27355,353.08968,366.20196
syr,Syria,9.41751,8.71274,11.71546,17.81271,22.74917,31.8855,31.2995,39.41957,36.97498,39.07809,39.41624,38.85418,39.31989,45.53076,78.1877,86.54775,97.01425,102.03403,89.09415,89.95013,77.74835,39.76439,-5.48701,-18.23479,-22.40284,-25.29467,-18.76292,-13.19773,-17.97754,-22.53495,-23.13731,-23.36274,-22.44769
tcd,Chad,21.44681,4.59574,-45.78723,-39.23404,-37.40426,-34.7234,-32.21277,-31.14894,-29.53191,3.06383,2.89362,11.57447,68.29787,93.74468,104.76596,112.76596,141.44681,106.80851,112.12766,121.44681,192.89362,418.59574,463.70213,497.40426,581.65957,606.42553,820.25532,862.42553,906.34043,810.93617,832,966.80851,994.21277
tgo,Togo,-7.45992,-29.38916,-45.56778,-0.96727,-2.33205,49.64887,12.52153,38.62462,79.38254,65.73473,49.19836,58.81807,90.40678,82.50961,73.71141,61.83914,61.33563,110.52074,259.16258,234.54353,206.99616,193.13635,151.92792,129.70717,104.69061,177.51424,141.20843,164.15794,162.0644,193.5471,225.95733,235.24579,230.27693
tha,Thailand,9.03898,19.5457,35.71332,51.41053,71.46963,92.80363,96.4964,75.12497,83.00608,83.31773,92.41061,104.50596,112.73511,131.81628,140.31597,144.11947,149.3475,150.50926,143.21672,158.25457,158.63899,177.59443,189.36137,185.56332,193.33454,189.42355,190.40054,187.93233,198.26508,187.77839,180.49289,189.27779,187.48583
tjk,Tajikistan,-5.60849,-30.56061,-52.94261,-70.87743,-75.28404,-78.08463,-75.8448,-73.90768,-75.68899,-77.40294,-77.75028,-77.63991,-77.14569,-72.79832,-74.10488,-71.68165,-67.1314,-69.23814,-75.24914,-75.07872,-74.98702,-71.58021,-70.83523,-61.30543,-58.68013,-53.61861,-43.73093,-33.42206,-26.63767,-23.82734,-23.89145,-25.47069,-24.46114
tkm,Turkmenistan,-15.23511,-38.10254,-41.25067,-25.67394,-24.70379,-31.52682,-31.05498,-28.63977,-15.61109,-13.9067,-11.83246,-5.41518,5.37885,12.31961,15.76516,20.27474,33.02986,35.54881,19.55473,34.92509,44.74152,49.4636,42.84761,38.27609,43.41924,43.55689,43.55536,41.73192,43.29887,45.97473,42.88525,45.79505,44.41281
tls,Timor-Leste,5.88235,11.76471,11.76471,17.64706,17.64706,17.64706,17.64706,3700,9517.64706,13329.41176,7217.64706,6129.41176,15423.52941,30241.17647,20464.70588,19952.94118,18329.41176,18182.35294,19735.29412,19570.58824,21711.76471,36888.23529,44517.64706,43664.70588,40794.11765,38770.58824,40388.23529,39917.64706,38405.88235,38129.41176,39064.70588,41788.23529,41247.05882
ton,Tonga,6.02007,11.48272,13.04348,57.4136,29.87737,47.93757,59.64326,67.00111,66.88963,12.70903,7.02341,18.0602,39.91081,24.63768,35.11706,48.3835,27.31327,37.90412,45.8194,40.69119,33.77926,31.66109,33.11037,46.93423,50.16722,59.64326,97.10145,75.36232,110.70234,114.26979,124.63768,137.12375,145.26198
tto,Trinidad and Tobago,2.08075,4.82141,2.21494,12.99522,9.065,17.39354,17.21672,41.71607,45.64866,51.03051,71.53254,85.47026,114.2511,127.42866,176.43131,204.33043,211.18996,204.13309,195.49197,223.81497,225.65813,200.39468,194.38844,193.16494,189.7257,165.84521,156.62786,157.23724,161.95682,135.00888,126.22015,120.41599,114.83364
tun,Tunisia,3.22017,9.73092,13.80741,14.55001,17.00931,20.69386,24.3669,29.83246,36.49078,43.03199,48.99848,47.40904,45.97258,54.43425,58.7118,64.06566,69.10611,72.11508,71.6947,87.70418,77.77357,91.16331,91.02318,104.44475,107.94043,102.12151,105.06549,104.32967,104.71281,94.3801,109.94483,106.17973,113.21713
tur,Turkey,-1.70137,2.45318,6.03625,5.45065,14.95989,25.36846,31.76293,32.76488,31.84208,46.33276,33.23318,40.09407,48.03129,52.01737,58.59474,76.5811,93.54946,93.04649,94.22948,101.17983,114.44679,121.7912,115.1622,129.02726,137.05194,152.14904,179.18587,176.43673,166.59165,172.49358,196.89516,179.55169,182.49702
tza,Tanzania,6.03734,-1.77569,3.10985,2.15002,41.09517,68.36397,57.28272,36.81432,27.88789,49.34971,57.74824,79.45962,89.82099,161.24202,196.24706,216.90742,199.58247,201.35816,191.65427,251.93646,326.47214,408.81125,456.39487,440.24092,533.65168,578.44219,581.36488,617.0466,716.02438,706.13332,826.04022,810.95167,829.76436
uga,Uganda,1.69839,3.51722,4.31221,-5.91424,21.8622,33.05228,39.80968,63.35823,68.11612,70.09154,72.99446,97.16936,108.3233,118.07998,167.38135,210.33486,274.24717,304.28812,346.20573,340.32763,392.88123,400.3734,407.34763,458.1908,547.39822,595.09757,622.78969,695.31438,717.91135,718.27271,812.59937,769.79041,769.35678
ukr,Ukraine,-5.66273,-17.46176,-27.94812,-40.36748,-41.1063,-49.5589,-51.49906,-53.72169,-53.75282,-54.16911,-54.29114,-54.21688,-50.09577,-53.17831,-54.67218,-54.76913,-53.36813,-55.36435,-62.99896,-59.98556,-57.58071,-58.65012,-59.87686,-65.72414,-71.22555,-71.07872,-73.83482,-72.20377,-73.54153,-74.71086,-75.29677,-82.38985,-82.66198
ury,Uruguay,13.20874,24.40901,17.62689,10.49945,20.97352,41.80738,43.91489,49.80321,74.781,41.34525,27.27827,16.87276,16.47157,45.87766,41.11926,64.49991,54.94249,100.63987,98.50951,63.56042,97.245,124.85844,93.94155,70.32984,74.68705,73.03405,62.2756,74.00655,81.24572,75.09331,116.69502,121.17157,123.88594
usa,USA,-0.89496,0.67009,3.04872,4.70044,5.7758,8.8866,14.36532,15.27584,15.61633,18.96462,17.93906,14.91117,16.23824,17.9855,18.14872,16.18026,17.84058,14.16009,5.80894,10.79412,6.50314,2.09086,4.83983,5.22213,2.9979,0.91082,-0.48247,2.69481,-0.33829,-10.38899,-4.58739,-3.95641,-6.05503
uzb,Uzbekistan,0.2086,-8.17679,-8.16138,-12.38598,-19.0781,-16.40097,-16.32987,-4.10806,-3.46694,2.20041,3.19421,6.46459,0.23034,2.68956,-2.51898,4.21968,1.26254,5.92366,-3.97127,6.04098,8.19094,-4.09766,-5.55011,-11.77998,-16.11173,-11.05188,-7.69624,-4.70664,-2.07042,-3.76681,4.56804,8.64897,7.85798
vct,St. Vincent and the Grenadines,-4.45205,15.75342,-6.16438,72.94521,89.0411,68.49315,103.42466,127.05479,130.13699,42.46575,65.41096,89.72603,104.79452,119.52055,125.68493,149.31507,166.78082,178.42466,324.31507,231.50685,134.58904,198.63014,181.16438,215.06849,225,245.89041,273.28767,248.28767,247.26027,181.50685,211.64384,212.67123,229.79452
ven,Venezuela,2.73478,3.55083,7.42289,19.47295,16.90682,30.09377,30.46461,32.15765,28.61725,34.28295,39.67763,44.37139,39.40467,45.93761,52.01518,54.98325,52.0458,59.97385,61.09007,72.34631,68.60927,88.91817,88.11225,87.09342,71.50695,58.83756,48.13826,37.22605,16.49475,-29.48907,-30.61181,-24.10998,-17.53132
vnm,Vietnam,0.6941,5.44292,23.46368,45.14934,66.95312,87.99718,116.83233,142.39629,148.3068,174.71019,201.7017,255.09709,277.26055,346.65176,388.5372,401.20009,455.38873,511.15075,584.19666,661.76198,661.61713,658.9365,692.61234,769.22546,875.55253,990.98987,1019.90522,1279.73753,1547.48827,1611.24942,1557.98284,1479.21938,1712.76156
vut,Vanuatu,-6.82927,-47.80488,-47.02439,-45.56098,-50.63415,-50.04878,-48.58537,-47.02439,-47.02439,-17.07317,-3.5122,-5.07317,9.36585,-14.82927,-13.07317,-21.65854,27.70732,25.46341,40.68293,51.02439,75.21951,44.09756,47.31707,71.02439,55.31707,61.85366,85.26829,142.2439,140.97561,144.78049,156.68293,171.02439,180.29268
wsm,Samoa,3.72168,1.3754,15.53398,18.68932,7.76699,8.98058,12.21683,15.53398,15.45307,52.42718,64.72492,70.14563,73.30097,70.38835,76.21359,76.94175,92.63754,97.49191,100.80906,112.86408,116.58576,116.90939,125.48544,131.71521,165.93851,186.48867,192.31392,189.96764,225.72816,231.06796,247.16828,266.42395,278.9644
yem,Yemen,25.25432,35.00063,22.10403,41.05638,56.96115,60.72489,72.88985,84.07975,107.38536,121.52153,135.94755,136.59618,174.85684,187.586,209.84762,222.83145,242.22279,255.21225,288.81432,270.65974,223.61234,209.56622,305.02723,298.94475,100.50934,49.54765,46.21868,71.0115,75.37743,61.86034,62.48505,57.4522,53.34656
zaf,South Africa,-2.57767,-4.64138,-3.95643,-1.80031,3.49088,7.04526,11.77339,13.6951,8.4469,10.52331,13.73937,17.99841,25.25568,35.49354,38.84077,40.21702,46.37808,55.27125,45.41452,47.76897,41.50079,46.6729,50.44571,54.04269,46.40602,46.54754,49.51203,50.74944,52.30518,33.26969,36.37569,30.28913,26.45932
zmb,Zambia,3.5469,3.59974,-6.0568,-21.1889,-22.17635,-34.52114,-17.48679,-22.64531,-36.36063,-35.59775,-35.09577,-31.77345,-26.09643,-24.02906,-18.4148,-20.55152,-27.06077,-22.02444,-12.50991,-3.52378,8.56341,43.66909,51.1889,65.44914,75.69353,91.64465,133.72523,166.0568,132.05746,146.93527,156.42668,157.82695,166.14927
zwe,Zimbabwe,10.00821,10.29715,1.51361,-4.94121,-6.56396,-9.71583,-15.23491,-14.01024,-3.2007,-16.16031,-16.56988,-23.85416,-37.63521,-40.87956,-34.30641,-38.87482,-39.78183,-52.76212,-54.38832,-42.18408,-8.97827,-26.8182,-26.95664,-27.63561,-27.10828,-35.28351,-39.19477,-29.518,-35.84127,-47.88755,-38.97706,-37.02574,-32.5389
